time,window_start,window_end,current_ti_C,current_tsp_C,mean_abs_error_C,mean_error_C,max_abs_error_C,power_mean_W,power_std_W,last_power_W,energy_kWh,error_sign_changes,kp_before,ki_before,kd_before,action,decision_source,rationale,kp_after,ki_after,kd_after
2026-04-02 15:05:00,2026-04-02 15:00:00,2026-04-02 15:04:00,27.620496270535547,38.0,11.42628579534278,11.42628579534278,12.489999999999998,13.19299702878971,0.045328007472474834,13.236075178300148,0.0010994164190658094,0,1.0,3.0,0.0,set_pid,agent,"The current error is 10.38, indicating the system is underheating and could benefit from a slightly increased proportional gain to speed up response.",1.2,3.0,0.0
2026-04-02 15:10:00,2026-04-02 15:05:00,2026-04-02 15:09:00,30.175554010638386,38.0,8.830977219212501,8.830977219212501,9.874440189405046,13.909046121755825,0.3027350527882493,13.493069440295614,0.0011590871768129853,0,1.2,3.0,0.0,set_pid,agent,Increased proportional gain to reduce the error and integral gain to better manage the steady-state error.,1.3,3.2,0.0
2026-04-02 15:15:00,2026-04-02 15:10:00,2026-04-02 15:14:00,32.44528044431828,38.0,6.432847858683618,6.432847858683618,7.357183633069887,13.486548560294755,0.4563095102485304,12.921494927537266,0.0011238790466912296,0,1.3,3.2,0.0,set_pid,agent,"The controller is underheating, indicated by a tracking error of 5.555 degrees and a control signal of only 12.9W. Increasing the proportional gain slightly may help it reach the setpoint faster.",1.35,3.2,0.0
2026-04-02 15:20:00,2026-04-02 15:15:00,2026-04-02 15:19:00,34.30961012236881,38.0,4.403883196646353,4.403883196646353,5.1539736437031465,12.389245819229805,0.3806007382970255,11.856754692392162,0.0010324371516024838,0,1.35,3.2,0.0,set_pid,agent,"Indoor temperature is still 34.31°C, with a tracking error of 3.69°C, suggesting the integral gain might need slight adjustment to better manage the persistent error.",1.38,3.2,0.0
2026-04-02 15:25:00,2026-04-02 15:20:00,2026-04-02 15:24:00,35.77022253628035,38.0,2.783198491240076,2.783198491240076,3.368790999218753,11.191221143430713,0.35690186239719324,10.694007521853855,0.0009326017619525596,0,1.38,3.2,0.0,set_pid,agent,"The current error is slightly high, suggesting a small increase in proportional gain might help improve response speed without introducing instability.",1.4,3.2,0.0
2026-04-02 15:30:00,2026-04-02 15:25:00,2026-04-02 15:29:00,36.868086260086834,38.0,1.5443713876301288,1.5443713876301288,1.9837163536756037,10.04884248414694,0.31347318841272,9.613426227833873,0.0008374035403455783,0,1.4,3.2,0.0,hold,agent,The current PID controller is performing adequately with minimal error and no oscillation.,1.4,3.2,0.0
2026-04-02 15:35:00,2026-04-02 15:30:00,2026-04-02 15:34:00,37.65961893863379,38.0,0.6350412448371031,0.6350412448371031,0.9511378607743168,9.035692791227188,0.2604194128058683,8.674624809824694,0.0007529743992689324,0,1.4,3.2,0.0,hold,agent,The current PID controller is performing adequately with a small tracking error and no oscillation.,1.4,3.2,0.0
2026-04-02 15:40:00,2026-04-02 15:35:00,2026-04-02 15:39:00,38.208785483018566,38.0,0.08440738973725245,0.0008931965298259569,0.21325146566769604,8.208488165403836,0.19036874691681296,7.906029833427294,0.0006840406804503196,1,1.4,3.2,0.0,hold,agent,The current PID controller is performing well with minimal error and oscillation.,1.4,3.2,0.0
2026-04-02 15:45:00,2026-04-02 15:40:00,2026-04-02 15:44:00,38.56628335246518,38.0,0.4364999788866072,-0.4364999788866072,0.5662833524651774,7.524650175992751,0.17049111473370587,7.289132821832276,0.0006270541813327294,0,1.4,3.2,0.0,hold,agent,The current PID controller is performing well with minimal error and no oscillation.,1.4,3.2,0.0
2026-04-02 15:50:00,2026-04-02 15:45:00,2026-04-02 15:49:00,38.779751101126585,38.0,0.7042797949962605,-0.7042797949962605,0.7797511011265854,6.987531478536313,0.13423238147772135,6.802470028373969,0.0005822942898780261,0,1.4,3.2,0.0,set_pid,agent,"Indoor temperature is slightly above setpoint, and the control signal is high, suggesting a small increase in proportional gain to better match the setpoint.",1.45,3.2,0.0
2026-04-02 15:55:00,2026-04-02 15:50:00,2026-04-02 15:54:00,38.88036363722527,38.0,0.847880150892648,-0.847880150892648,0.8803636372252726,6.530946249153269,0.10152623831759709,6.39149292240317,0.0005442455207627723,0,1.45,3.2,0.0,set_pid,agent,"The current controller is underheating, indicated by a tracking error of -0.88 and a control signal of 6.4W. Increasing the proportional gain slightly to 1.6 will help the system respond faster without overshooting.",1.6,3.2,0.0
2026-04-02 16:00:00,2026-04-02 15:55:00,2026-04-02 15:59:00,38.88545316050003,38.0,0.889840145190847,-0.889840145190847,0.8921212379825505,6.101768753869745,0.06435924231093047,6.014004434195546,0.0005084807294891456,0,1.6,3.2,0.0,set_pid,agent,"Indoor temperature is slightly above setpoint, but the control signal is high and there's a persistent error indicating potential integral windup or slight underdamping. Increasing kp slightly may help improve response without changing other gains.",1.65,3.2,0.0
2026-04-02 16:05:00,2026-04-02 16:00:00,2026-04-02 16:04:00,38.85597045755982,38.0,0.8714290657493023,-0.8714290657493023,0.8841675084296128,5.852689469110225,0.049065511557985615,5.785997151822073,0.0004877241224258521,0,1.65,3.2,0.0,hold,agent,The current PID controller is performing well with minimal error and no oscillation.,1.65,3.2,0.0
2026-04-02 16:10:00,2026-04-02 16:05:00,2026-04-02 16:09:00,38.79665896290421,38.0,0.8220263215984716,-0.8220263215984716,0.8458543275353421,5.709167840607331,0.032875971399958785,5.664654098910903,0.0004757639867172777,0,1.65,3.2,0.0,hold,agent,"The current indoor temperature is very close to the setpoint, and there are no signs of underheating, overshoot, oscillation, or a small persistent error that would suggest integral tuning. The controller appears to be performing well.",1.65,3.2,0.0
2026-04-02 16:15:00,2026-04-02 16:10:00,2026-04-02 16:14:00,38.72240447897816,38.0,0.7528964453357417,-0.7528964453357417,0.7826693727549312,5.614791039981794,0.021088935863249732,5.586401611966016,0.00046789925333181627,0,1.65,3.2,0.0,set_pid,agent,"The current indoor temperature is slightly higher than the setpoint, indicating a small persistent error that suggests integral tuning.",1.7,3.2,0.0
2026-04-02 16:20:00,2026-04-02 16:15:00,2026-04-02 16:19:00,38.63720364520621,38.0,0.6718297840608045,-0.6718297840608045,0.7065987575189041,5.526914712941627,0.008326132526815902,5.515968196346541,0.00046057622607846896,0,1.7,3.2,0.0,hold,agent,The current PID controller is performing well with minimal error and no oscillation.,1.7,3.2,0.0
2026-04-02 16:25:00,2026-04-02 16:20:00,2026-04-02 16:24:00,38.55354300738518,38.0,0.5866256122571457,-0.5866256122571457,0.6201110467335909,5.506315398537105,0.003626547581637398,5.501757784040393,0.0004588596165447588,0,1.7,3.2,0.0,hold,agent,The current PID controller is performing well with minimal error and no oscillation.,1.7,3.2,0.0
2026-04-02 16:30:00,2026-04-02 16:25:00,2026-04-02 16:29:00,38.47570194924734,38.0,0.5063019240101199,-0.5063019240101199,0.5374494898637678,5.4994126101941205,0.0005652305578814874,5.4990737364720275,0.00045828438418284335,0,1.7,3.2,0.0,hold,agent,The current PID controller is performing well with minimal error and no oscillation.,1.7,3.2,0.0
2026-04-02 16:35:00,2026-04-02 16:30:00,2026-04-02 16:34:00,38.40507555759027,38.0,0.43271704841446024,-0.43271704841446024,0.46097193793560365,5.501422731921634,0.0015052783097983247,5.503747389378515,0.00045845189432680295,0,1.7,3.2,0.0,hold,agent,The current PID controller is performing well with minimal error and no oscillation.,1.7,3.2,0.0
2026-04-02 16:40:00,2026-04-02 16:35:00,2026-04-02 16:39:00,38.34220937620082,38.0,0.36672907178718506,-0.36672907178718506,0.3918754045925752,5.508935343046412,0.0026691727824545964,5.512825478597334,0.0004590779452538677,0,1.7,3.2,0.0,hold,agent,The current PID controller is performing well with minimal error and no oscillation.,1.7,3.2,0.0
2026-04-02 16:45:00,2026-04-02 16:40:00,2026-04-02 16:44:00,38.28709074371401,38.0,0.30852898263856476,-0.30852898263856476,0.33057349490425736,5.5195580049182205,0.0032817039968396546,5.524252758454626,0.0004599631670765184,0,1.7,3.2,0.0,hold,agent,"The current indoor temperature is very close to the setpoint, with a small tracking error. The system appears to be performing well without any signs of underheating, overshoot, or oscillation.",1.7,3.2,0.0
2026-04-02 16:50:00,2026-04-02 16:45:00,2026-04-02 16:49:00,38.239357203128826,38.0,0.2578803054073518,-0.2578803054073518,0.27696915735108263,5.531646719657976,0.0035167072589373234,5.53663169600748,0.00046097055997149804,0,1.7,3.2,0.0,hold,agent,The current PID controller is performing well with minimal error and no oscillation.,1.7,3.2,0.0
2026-04-02 16:55:00,2026-04-02 16:50:00,2026-04-02 16:54:00,38.198443322413745,38.0,0.17460040937111643,-0.17460040937111643,0.23064925162155703,5.613689955623686,0.1416662377170019,5.896978832160851,0.00046780749630197395,0,1.7,3.2,0.0,hold,agent,"The current indoor temperature is very close to the setpoint, with no tracking error or oscillation observed. The controller appears to be performing well.",1.7,3.2,0.0
2026-04-02 17:00:00,2026-04-02 16:55:00,2026-04-02 16:59:00,38.201477670139006,38.0,0.12211972319935142,-0.12211972319935142,0.20534833269025654,5.6697535728756305,0.17224974952572183,5.521901533404714,0.00047247946440630257,0,1.7,3.2,0.0,hold,agent,The controller is currently performing well with a small tracking error and no oscillation.,1.7,3.2,0.0
2026-04-02 17:05:00,2026-04-02 17:00:00,2026-04-02 17:04:00,38.19827447977116,38.0,0.04059941900887054,-0.04059941900887054,0.2029970950443527,5.788898653284525,0.14028690447356867,5.853587060905326,0.0004824082211070438,0,1.7,3.2,0.0,hold,agent,"The current indoor temperature is very close to the setpoint, with no tracking error or oscillation. The controller is performing well.",1.7,3.2,0.0
2026-04-02 17:10:00,2026-04-02 17:05:00,2026-04-02 17:09:00,38.1913900592232,38.0,0.08094792446370747,-0.08094792446370747,0.20301719408998764,5.7008445938300145,0.16948451986872612,5.832000947715004,0.00047507038281916793,0,1.7,3.2,0.0,hold,agent,The current PID controller is performing well with minimal error and no oscillation.,1.7,3.2,0.0
2026-04-02 17:15:00,2026-04-02 17:10:00,2026-04-02 17:14:00,38.19573777401177,38.0,0.040623560260067394,-0.040623560260067394,0.20311780130033696,5.756441125631278,0.14037032195793717,5.821167998312319,0.0004797034271359399,0,1.7,3.2,0.0,hold,agent,The current PID controller is performing well with minimal error and no oscillation.,1.7,3.2,0.0
2026-04-02 17:20:00,2026-04-02 17:15:00,2026-04-02 17:19:00,38.197415882057165,38.0,0.04051679221209099,-0.04051679221209099,0.20258396106045495,5.743645869213186,0.1389005881536787,5.810363520389095,0.00047863715576776546,0,1.7,3.2,0.0,hold,agent,"The current indoor temperature is very close to the setpoint, with no tracking error or oscillation observed. The controller is performing well.",1.7,3.2,0.0
2026-04-02 17:25:00,2026-04-02 17:20:00,2026-04-02 17:24:00,38.196800911344575,38.0,0.04007900340224637,-0.04007900340224637,0.20039501701123186,5.731541480364678,0.13626861156763753,5.799675786148496,0.00047762845669705644,0,1.7,3.2,0.0,hold,agent,The current PID controller is performing well with minimal error and no oscillation.,1.7,3.2,0.0
2026-04-02 17:30:00,2026-04-02 17:25:00,2026-04-02 17:29:00,38.194175464970634,38.0,0.040370796477567694,-0.040370796477567694,0.20185398238783847,5.72243299555475,0.13840008225757874,5.788910240421145,0.0004768694162962292,0,1.7,3.2,0.0,hold,agent,The controller is currently performing well with minimal error and no oscillation.,1.7,3.2,0.0
2026-04-02 17:35:00,2026-04-02 17:30:00,2026-04-02 17:34:00,38.18991645339387,38.0,0.040105001402758945,-0.040105001402758945,0.20052500701379472,5.714314937812012,0.1385784978714088,5.778215573380408,0.0004761929114843344,0,1.7,3.2,0.0,hold,agent,The controller is currently performing well with minimal error and no oscillation.,1.7,3.2,0.0
2026-04-02 17:40:00,2026-04-02 17:35:00,2026-04-02 17:39:00,38.19856935193177,38.0,0.0,0.0,0.0,5.778215573380408,0.0,5.778215573380408,0.00048151796444836735,0,1.7,3.2,0.0,hold,agent,The controller is performing well with a small tracking error and no oscillation.,1.7,3.2,0.0
2026-04-02 17:45:00,2026-04-02 17:40:00,2026-04-02 17:44:00,38.19149067775758,38.0,0.04004057433454733,-0.04004057433454733,0.20020287167273665,5.699469110522466,0.1361379527374609,5.7675380868911965,0.0004749557592102055,0,1.7,3.2,0.0,hold,agent,The controller is currently performing well with minimal error and no oscillation.,1.7,3.2,0.0
2026-04-02 17:50:00,2026-04-02 17:45:00,2026-04-02 17:49:00,38.197883399134284,38.0,0.0,0.0,0.0,5.7675380868911965,0.0,5.7675380868911965,0.0004806281739075997,0,1.7,3.2,0.0,hold,agent,The controller is performing well with minimal error and no oscillation.,1.7,3.2,0.0
2026-04-02 17:55:00,2026-04-02 17:50:00,2026-04-02 17:54:00,38.18890506030952,38.0,0.04005484392889684,-0.04005484392889684,0.20027421964448422,5.690899818840573,0.13731692654748942,5.756856795176823,0.00047424165157004773,0,1.7,3.2,0.0,hold,agent,The current PID controller is performing well with minimal error and no oscillation.,1.7,3.2,0.0
2026-04-02 18:00:00,2026-04-02 17:55:00,2026-04-02 17:59:00,38.19341607528012,38.0,0.0,0.0,0.0,5.756856795176823,0.0,5.756856795176823,0.00047973806626473524,0,1.7,3.2,0.0,hold,agent,The controller is performing well with no significant errors or oscillations.,1.7,3.2,0.0
2026-04-02 18:05:00,2026-04-02 18:00:00,2026-04-02 18:04:00,38.878194156427156,41.0,2.4601831732915045,2.4601831732915045,2.819745250506486,10.351402970582452,0.24076583548742955,10.019975575461725,0.0008626169142152045,0,1.7,3.2,0.0,set_pid,agent,Increased proportional gain to reduce the tracking error and make the system more responsive.,1.8,3.2,0.0
2026-04-02 18:10:00,2026-04-02 18:05:00,2026-04-02 18:09:00,39.56540752256709,41.0,1.694268351434306,1.694268351434306,1.9723897449416725,9.748006567326652,0.21977296652117123,9.446976994482942,0.0008123338806105544,0,1.8,3.2,0.0,hold,agent,The current PID controller is performing adequately with minimal error and no oscillation.,1.8,3.2,0.0
2026-04-02 18:15:00,2026-04-02 18:10:00,2026-04-02 18:14:00,40.05811673736925,41.0,1.1251537894153003,1.1251537894153003,1.321784378263331,9.080138034119528,0.1606604294568831,8.86014141834981,0.0007566781695099608,0,1.8,3.2,0.0,hold,agent,The current PID controller is performing adequately with minimal error and no oscillation.,1.8,3.2,0.0
2026-04-02 18:20:00,2026-04-02 18:15:00,2026-04-02 18:19:00,40.40320117492824,41.0,0.7248676905556678,0.7248676905556678,0.8625697295919323,8.592576058534245,0.11709620093172092,8.432287481558461,0.0007160480048778539,0,1.8,3.2,0.0,hold,agent,The current PID controller is performing adequately with minimal error and no oscillation.,1.8,3.2,0.0
2026-04-02 18:25:00,2026-04-02 18:20:00,2026-04-02 18:24:00,40.6420382740395,41.0,0.4463452793978277,0.4463452793978277,0.5416379085527936,8.237781905377293,0.08504989519436218,8.121406110997617,0.0006864818254481077,0,1.8,3.2,0.0,hold,agent,The current PID controller is performing adequately with a small tracking error and no oscillation.,1.8,3.2,0.0
2026-04-02 18:30:00,2026-04-02 18:25:00,2026-04-02 18:29:00,40.80484012758156,41.0,0.21614841219113146,0.21614841219113146,0.3201248450167071,7.908219905092255,0.19207219528527528,7.534714580853017,0.0006590183254243546,0,1.8,3.2,0.0,hold,agent,The controller is currently performing well with minimal error and no oscillation.,1.8,3.2,0.0
2026-04-02 18:35:00,2026-04-02 18:30:00,2026-04-02 18:34:00,40.85584886140255,41.0,0.0,0.0,0.0,7.534714580853017,0.0,7.534714580853017,0.0006278928817377515,0,1.8,3.2,0.0,hold,agent,The controller is currently performing well with minimal error and no oscillation.,1.8,3.2,0.0
2026-04-02 18:40:00,2026-04-02 18:35:00,2026-04-02 18:39:00,40.90220746848911,41.0,0.0,0.0,0.0,7.534714580853017,0.0,7.534714580853017,0.0006278928817377515,0,1.8,3.2,0.0,hold,agent,The controller is currently performing well with no significant errors or oscillations.,1.8,3.2,0.0
2026-04-02 18:45:00,2026-04-02 18:40:00,2026-04-02 18:44:00,40.94433986994313,41.0,0.0,0.0,0.0,7.534714580853017,0.0,7.534714580853017,0.0006278928817377515,0,1.8,3.2,0.0,hold,agent,The controller is currently performing well with no significant errors or oscillations.,1.8,3.2,0.0
2026-04-02 18:50:00,2026-04-02 18:45:00,2026-04-02 18:49:00,40.98263134080132,41.0,0.0,0.0,0.0,7.534714580853017,0.0,7.534714580853017,0.0006278928817377515,0,1.8,3.2,0.0,hold,agent,The controller is currently performing well with no significant errors or oscillations.,1.8,3.2,0.0
2026-04-02 18:55:00,2026-04-02 18:50:00,2026-04-02 18:54:00,41.017432033139855,41.0,0.0,0.0,0.0,7.534714580853017,0.0,7.534714580853017,0.0006278928817377515,0,1.8,3.2,0.0,hold,agent,The controller is currently performing well with minimal error and no oscillation.,1.8,3.2,0.0
2026-04-02 19:00:00,2026-04-02 18:55:00,2026-04-02 18:59:00,41.049060178000786,41.0,0.0,0.0,0.0,7.534714580853017,0.0,7.534714580853017,0.0006278928817377515,0,1.8,3.2,0.0,hold,agent,The controller is currently performing well with minimal error and no oscillation.,1.8,3.2,0.0
2026-04-02 19:05:00,2026-04-02 19:00:00,2026-04-02 19:04:00,41.025841889495716,41.0,0.0,0.0,0.0,7.534714580853017,0.0,7.534714580853017,0.0006278928817377515,0,1.8,3.2,0.0,hold,agent,The controller is performing well with minimal error and no oscillation.,1.8,3.2,0.0
2026-04-02 19:10:00,2026-04-02 19:05:00,2026-04-02 19:09:00,41.0047402578064,41.0,0.0,0.0,0.0,7.534714580853017,0.0,7.534714580853017,0.0006278928817377515,0,1.8,3.2,0.0,hold,agent,The controller is currently performing well with no errors or oscillations.,1.8,3.2,0.0
2026-04-02 19:15:00,2026-04-02 19:10:00,2026-04-02 19:14:00,40.98556232141998,41.0,0.0,0.0,0.0,7.534714580853017,0.0,7.534714580853017,0.0006278928817377515,0,1.8,3.2,0.0,hold,agent,The controller is currently performing well with minimal error and no oscillation.,1.8,3.2,0.0
2026-04-02 19:20:00,2026-04-02 19:15:00,2026-04-02 19:19:00,40.96813270984033,41.0,0.0,0.0,0.0,7.534714580853017,0.0,7.534714580853017,0.0006278928817377515,0,1.8,3.2,0.0,hold,agent,The controller is currently performing well with minimal error and no oscillation.,1.8,3.2,0.0
2026-04-02 19:25:00,2026-04-02 19:20:00,2026-04-02 19:24:00,40.952292039932146,41.0,0.0,0.0,0.0,7.534714580853017,0.0,7.534714580853017,0.0006278928817377515,0,1.8,3.2,0.0,hold,agent,The controller is currently performing well with no significant errors or oscillations.,1.8,3.2,0.0
2026-04-02 19:30:00,2026-04-02 19:25:00,2026-04-02 19:29:00,40.93789545845969,41.0,0.0,0.0,0.0,7.534714580853017,0.0,7.534714580853017,0.0006278928817377515,0,1.8,3.2,0.0,hold,agent,The controller is performing well with minimal error and no oscillation.,1.8,3.2,0.0
2026-04-02 19:35:00,2026-04-02 19:30:00,2026-04-02 19:34:00,40.9248113174925,41.0,0.0,0.0,0.0,7.534714580853017,0.0,7.534714580853017,0.0006278928817377515,0,1.8,3.2,0.0,hold,agent,The controller is currently performing well with no significant errors or oscillations.,1.8,3.2,0.0
2026-04-02 19:40:00,2026-04-02 19:35:00,2026-04-02 19:39:00,40.91291997056568,41.0,0.0,0.0,0.0,7.534714580853017,0.0,7.534714580853017,0.0006278928817377515,0,1.8,3.2,0.0,hold,agent,The controller is currently performing well with no significant errors or oscillations.,1.8,3.2,0.0
2026-04-02 19:45:00,2026-04-02 19:40:00,2026-04-02 19:44:00,40.90211267858613,41.0,0.0,0.0,0.0,7.534714580853017,0.0,7.534714580853017,0.0006278928817377515,0,1.8,3.2,0.0,hold,agent,The controller is currently performing well with no significant errors or oscillations.,1.8,3.2,0.0
2026-04-02 19:50:00,2026-04-02 19:45:00,2026-04-02 19:49:00,40.89229061548007,41.0,0.0,0.0,0.0,7.534714580853017,0.0,7.534714580853017,0.0006278928817377515,0,1.8,3.2,0.0,hold,agent,The controller is currently performing well with no significant errors or oscillations.,1.8,3.2,0.0
2026-04-02 19:55:00,2026-04-02 19:50:00,2026-04-02 19:54:00,40.88336396448906,41.0,0.0,0.0,0.0,7.534714580853017,0.0,7.534714580853017,0.0006278928817377515,0,1.8,3.2,0.0,hold,agent,The controller is currently performing well with no significant errors or oscillations.,1.8,3.2,0.0
2026-04-02 20:00:00,2026-04-02 19:55:00,2026-04-02 19:59:00,40.875251096850675,41.0,0.0,0.0,0.0,7.534714580853017,0.0,7.534714580853017,0.0006278928817377515,0,1.8,3.2,0.0,hold,agent,The controller is performing well with minimal error and no oscillation.,1.8,3.2,0.0
2026-04-02 20:05:00,2026-04-02 20:00:00,2026-04-02 20:04:00,40.8377939219234,41.0,0.0,0.0,0.0,7.534714580853017,0.0,7.534714580853017,0.0006278928817377515,0,1.8,3.2,0.0,hold,agent,The controller is currently performing well with no significant errors or oscillations.,1.8,3.2,0.0
2026-04-02 20:10:00,2026-04-02 20:05:00,2026-04-02 20:09:00,40.80375146830907,41.0,0.0,0.0,0.0,7.534714580853017,0.0,7.534714580853017,0.0006278928817377515,0,1.8,3.2,0.0,hold,agent,The controller is currently performing well with no significant errors or oscillations.,1.8,3.2,0.0
2026-04-02 20:15:00,2026-04-02 20:10:00,2026-04-02 20:14:00,40.80440797512952,41.0,0.08162808125169647,0.08162808125169647,0.20546523963520258,7.696837727771529,0.18096199511086236,7.556482069186803,0.0006414031439809608,0,1.8,3.2,0.0,hold,agent,The controller is currently performing well with minimal error and no oscillation.,1.8,3.2,0.0
2026-04-02 20:20:00,2026-04-02 20:15:00,2026-04-02 20:19:00,40.80889556803552,41.0,0.08052538210054791,0.08052538210054791,0.20149214996752818,7.7164534433956415,0.17847840965204673,7.577955504413616,0.0006430377869496369,0,1.8,3.2,0.0,hold,agent,The controller is currently performing well with minimal error and no oscillation.,1.8,3.2,0.0
2026-04-02 20:25:00,2026-04-02 20:20:00,2026-04-02 20:24:00,40.80165921738797,41.0,0.04010031815676882,0.04010031815676882,0.2005015907838441,7.65869081163591,0.14548944628666252,7.588648922588755,0.0006382242343029925,0,1.8,3.2,0.0,hold,agent,The controller is currently performing well with a small tracking error and no oscillation.,1.8,3.2,0.0
2026-04-02 20:30:00,2026-04-02 20:25:00,2026-04-02 20:29:00,40.79750477733822,41.0,0.08100042764281312,0.08100042764281312,0.20250691555228428,7.747410010216998,0.1812461847715736,7.974740437418044,0.0006456175008514165,0,1.8,3.2,0.0,hold,agent,The current PID controller is performing adequately with minimal error and no oscillation.,1.8,3.2,0.0
2026-04-02 20:35:00,2026-04-02 20:30:00,2026-04-02 20:34:00,40.811333621462104,41.0,0.04015125483418416,0.04015125483418416,0.2007562741709208,7.686804095844015,0.14781479656032798,7.620956037915953,0.0006405670079870012,0,1.8,3.2,0.0,hold,agent,The controller is currently performing well with minimal error and no oscillation.,1.8,3.2,0.0
2026-04-02 20:40:00,2026-04-02 20:35:00,2026-04-02 20:39:00,40.81209350743983,41.0,0.040080738345147894,0.040080738345147894,0.20040369172573946,7.697376645694034,0.14755519370298026,7.631644234807992,0.0006414480538078361,0,1.8,3.2,0.0,hold,agent,The controller is currently performing well with minimal error and no oscillation.,1.8,3.2,0.0
2026-04-02 20:45:00,2026-04-02 20:40:00,2026-04-02 20:44:00,40.79960896722577,41.0,0.04007820655484551,0.04007820655484551,0.20039103277422754,7.705922510956306,0.14855655229662723,8.00303561554956,0.0006421602092463589,0,1.8,3.2,0.0,hold,agent,The controller is currently performing well with a small tracking error and no oscillation.,1.8,3.2,0.0
2026-04-02 20:50:00,2026-04-02 20:45:00,2026-04-02 20:49:00,40.80414061830945,41.0,0.0,0.0,0.0,7.64233175655595,8.881784197001252e-16,7.642331756555951,0.0006368609797129959,0,1.8,3.2,0.0,hold,agent,The controller is currently performing well with no significant errors or oscillations.,1.8,3.2,0.0
2026-04-02 20:55:00,2026-04-02 20:50:00,2026-04-02 20:54:00,40.81004826075683,41.0,0.040350824318289825,0.040350824318289825,0.20175412159144912,7.721419372219799,0.1474935323478593,7.653091976374161,0.0006434516143516499,0,1.8,3.2,0.0,hold,agent,The controller is currently performing well with minimal error and no oscillation.,1.8,3.2,0.0
