time,Ta_C,Tsp_C,Ti_C,Phea_W,tariff_USD_per_kWh,error_C,integral_term,derivative_term,Kp,Ki,Kd
2026-04-02 15:00:00,25.51,38.0,25.51,13.114499999999998,0.12,12.489999999999998,0.20816666666666664,749.3999999999999,1.0,3.0,0.0
2026-04-02 15:01:00,25.51,38.0,26.050022556230697,13.171976315957767,0.12,11.949977443769303,0.40733295739615505,-32.401353373841744,1.0,3.0,0.0
2026-04-02 15:02:00,25.51,38.0,26.582185766808838,13.210703817039185,0.12,11.417814233191162,0.5976298612826745,-31.929792634688425,1.0,3.0,0.0
2026-04-02 15:03:00,25.51,38.0,27.105866429711018,13.231729832651455,0.12,10.894133570288982,0.7791987541208242,-31.420839774130798,1.0,3.0,0.0
2026-04-02 15:04:00,25.51,38.0,27.620496270535547,13.236075178300148,0.12,10.379503729464453,0.9521904829452317,-30.87779044947176,1.0,3.0,0.0
2026-04-02 15:05:00,25.51,38.0,28.125559810594954,14.25,0.12,9.874440189405046,0.9521904829452317,-30.303812403564407,1.2,3.0,0.0
2026-04-02 15:06:00,25.51,38.0,28.662810177862195,14.25,0.12,9.337189822137805,0.9521904829452317,-32.23502203603445,1.2,3.0,0.0
2026-04-02 15:07:00,25.51,38.0,29.189886962708698,13.869212745449822,0.12,8.810113037291302,1.09902570023342,-31.624607090790207,1.2,3.0,0.0
2026-04-02 15:08:00,25.51,38.0,29.69130294213326,13.682948423033686,0.12,8.308697057866741,1.237503984531199,-30.084958765473644,1.2,3.0,0.0
2026-04-02 15:09:00,25.51,38.0,30.175554010638386,13.493069440295614,0.12,7.824445989361614,1.367911417687226,-29.05506411030764,1.2,3.0,0.0
2026-04-02 15:10:00,25.51,38.0,30.642816366930113,14.25,0.12,7.357183633069887,1.367911417687226,-28.035741377503598,1.3,3.2,0.0
2026-04-02 15:11:00,25.51,38.0,31.132398982604585,13.671469913474251,0.12,6.867601017395415,1.4823714346438162,-29.37495694046831,1.3,3.2,0.0
2026-04-02 15:12:00,25.51,38.0,31.58888823809393,13.419959841973096,0.12,6.411111761906071,1.5892232973422507,-27.389355329360683,1.3,3.2,0.0
2026-04-02 15:13:00,25.51,38.0,32.026376674635,13.169818118489165,0.12,5.973623325364997,1.6887836860983338,-26.249306192464417,1.3,3.2,0.0
2026-04-02 15:14:00,25.51,38.0,32.44528044431828,12.921494927537266,0.12,5.5547195556817215,1.7813623453596958,-25.134226180996535,1.3,3.2,0.0
2026-04-02 15:15:00,25.51,38.0,32.84602635629685,12.93310251848111,0.12,5.1539736437031465,1.8672619060880815,-24.0447547187145,1.35,3.2,0.0
2026-04-02 15:16:00,25.51,38.0,33.23966155922301,12.655579711372239,0.12,4.760338440776991,1.9466008801010313,-23.618112175569337,1.35,3.2,0.0
2026-04-02 15:17:00,25.51,38.0,33.614415032164494,12.38356038785246,0.12,4.385584967835506,2.0196939628982897,-22.485208376489112,1.35,3.2,0.0
2026-04-02 15:18:00,25.51,38.0,33.97087094671507,12.11723178605105,0.12,4.029129053284933,2.086846113786372,-21.387354873034354,1.35,3.2,0.0
2026-04-02 15:19:00,25.51,38.0,34.30961012236881,11.856754692392162,0.12,3.6903898776311905,2.148352611746892,-20.324350539224554,1.35,3.2,0.0
2026-04-02 15:20:00,25.51,38.0,34.63120900078125,11.7033287898036,0.12,3.368790999218753,2.2044991284005375,-19.295932704746264,1.38,3.2,0.0
2026-04-02 15:21:00,25.51,38.0,34.94040025962168,11.439823505423975,0.12,3.0595997403783173,2.255492457406843,-18.55147553042613,1.38,3.2,0.0
2026-04-02 15:22:00,25.51,38.0,35.2328860587168,11.183772512874482,0.12,2.767113941283199,2.301611023094896,-17.54914794570709,1.38,3.2,0.0
2026-04-02 15:23:00,25.51,38.0,35.50928968839954,10.93517338719766,0.12,2.490710311600459,2.3431228616215702,-16.584217780964394,1.38,3.2,0.0
2026-04-02 15:24:00,25.51,38.0,35.77022253628035,10.694007521853855,0.12,2.2297774637196497,2.380285819350231,-15.65597087284857,1.38,3.2,0.0
2026-04-02 15:25:00,25.51,38.0,36.016283646324396,10.499915722595949,0.12,1.9837163536756037,2.4133477585781575,-14.763666602642758,1.4,3.2,0.0
2026-04-02 15:26:00,25.51,38.0,36.24969302874836,10.26649229233582,0.12,1.7503069712516393,2.4425195414323517,-14.004562945437868,1.4,3.2,0.0
2026-04-02 15:27:00,25.51,38.0,36.46907068266636,10.041013140441745,0.12,1.5309293173336371,2.468035030054579,-13.162659235080127,1.4,3.2,0.0
2026-04-02 15:28:00,25.51,38.0,36.6750094440234,9.823365037527306,0.12,1.3249905559765978,2.490118205987522,-12.356325681422362,1.4,3.2,0.0
2026-04-02 15:29:00,25.51,38.0,36.868086260086834,9.613426227833873,0.12,1.1319137399131662,2.508983434986075,-11.584608963805891,1.4,3.2,0.0
2026-04-02 15:30:00,25.51,38.0,37.04886213922568,9.411067349614113,0.12,0.9511378607743168,2.5248357326656468,-10.846552748330964,1.4,3.2,0.0
2026-04-02 15:31:00,25.51,38.0,37.217882139540144,9.216152301731727,0.12,0.7821178604598558,2.5378710303399776,-10.141200018867664,1.4,3.2,0.0
2026-04-02 15:32:00,25.51,38.0,37.37567539339076,9.028539058693362,0.12,0.6243246066092425,2.5482764404501315,-9.467595231036796,1.4,3.2,0.0
2026-04-02 15:33:00,25.51,38.0,37.52275516502411,8.84808043627205,0.12,0.47724483497589176,2.556230521033063,-8.824786298001044,1.4,3.2,0.0
2026-04-02 15:34:00,25.51,38.0,37.65961893863379,8.674624809824694,0.12,0.3403810613662088,2.5619035387225,-8.211826416580976,1.4,3.2,0.0
2026-04-02 15:35:00,25.51,38.0,37.786748534332304,8.508016787349051,0.12,0.21325146566769604,2.5654577298169614,-7.627775741910767,1.4,3.2,0.0
2026-04-02 15:36:00,25.51,38.0,37.90461024964173,8.209464735414278,0.12,0.0,2.5654577298169614,-12.795087940061762,1.4,3.2,0.0
2026-04-02 15:37:00,25.51,38.0,38.00794645714649,8.209464735414278,0.12,0.0,2.5654577298169614,0.0,1.4,3.2,0.0
2026-04-02 15:38:00,25.51,38.0,38.109325849936646,8.209464735414278,0.12,0.0,2.5654577298169614,0.0,1.4,3.2,0.0
2026-04-02 15:39:00,25.51,38.0,38.208785483018566,7.906029833427294,0.12,-0.20878548301856625,2.5619779717666518,-12.527128981113975,1.4,3.2,0.0
2026-04-02 15:40:00,25.51,38.0,38.29386701365501,7.771242783141339,0.12,-0.2938670136550101,2.557080188205735,-5.1048918381866315,1.4,3.2,0.0
2026-04-02 15:41:00,25.51,38.0,38.37178721110274,7.642325855455702,0.12,-0.3717872111027418,2.550883734687356,-4.675211846863903,1.4,3.2,0.0
2026-04-02 15:42:00,25.51,38.0,38.44292340223656,7.5191126064157405,0.12,-0.4429234022365591,2.5435016779834134,-4.268171468029038,1.4,3.2,0.0
2026-04-02 15:43:00,25.51,38.0,38.50763891497355,7.401436813118701,0.12,-0.5076389149735476,2.535041029400521,-3.88293076421931,1.4,3.2,0.0
2026-04-02 15:44:00,25.51,38.0,38.56628335246518,7.289132821832276,0.12,-0.5662833524651774,2.525602973526101,-3.518666249497784,1.4,3.2,0.0
2026-04-02 15:45:00,25.51,38.0,38.61919287643184,7.182035868202584,0.12,-0.6191928764318391,2.515283092252237,-3.1745714379997025,1.4,3.2,0.0
2026-04-02 15:46:00,25.51,38.0,38.66669049831741,7.079982370985861,0.12,-0.6666904983174078,2.504171583946947,-2.849857313134123,1.4,3.2,0.0
2026-04-02 15:47:00,25.51,38.0,38.70908637702557,6.9828102006864015,0.12,-0.7090863770255709,2.4923534776631877,-2.543752722489785,1.4,3.2,0.0
2026-04-02 15:48:00,25.51,38.0,38.7466781220799,6.890358924432748,0.12,-0.7466781220798993,2.4799088422951896,-2.255504703259703,1.4,3.2,0.0
2026-04-02 15:49:00,25.51,38.0,38.779751101126585,6.802470028373969,0.12,-0.7797511011265854,2.4669129906097464,-1.9843787428011694,1.4,3.2,0.0
2026-04-02 15:50:00,25.51,38.0,38.8085787507719,6.678558181290764,0.12,-0.8085787507719004,2.4534366780968813,-1.729658978718902,1.45,3.2,0.0
2026-04-02 15:51:00,25.51,38.0,38.83175812652419,6.600587653035318,0.12,-0.8317581265241927,2.4395740426548116,-1.3907625451375338,1.45,3.2,0.0
2026-04-02 15:52:00,25.51,38.0,38.851287935770515,6.5268674063870575,0.12,-0.8512879357705145,2.4253859103919697,-1.1717885547793117,1.45,3.2,0.0
2026-04-02 15:53:00,25.51,38.0,38.86741230417136,6.457225082650025,0.12,-0.86741230417136,2.4109290386557802,-0.9674621040507247,1.45,3.2,0.0
2026-04-02 15:54:00,25.51,38.0,38.88036363722527,6.39149292240317,0.12,-0.8803636372252726,2.3962563113686923,-0.7770799832347564,1.45,3.2,0.0
2026-04-02 15:55:00,25.51,38.0,38.89036303159314,6.19595331747916,0.12,-0.8903630315931395,2.381416927508807,-0.5999636620720139,1.6,3.2,0.0
2026-04-02 15:56:00,25.51,38.0,38.89212123798255,6.145560387897032,0.12,-0.8921212379825505,2.366548240209098,-0.1054923833646626,1.6,3.2,0.0
2026-04-02 15:57:00,25.51,38.0,38.891771094539095,6.098559492364476,0.12,-0.8917710945390951,2.351685388633446,0.02100860660732451,1.6,3.2,0.0
2026-04-02 15:58:00,25.51,38.0,38.88949220133942,6.054766137412516,0.12,-0.8894922013394222,2.336860518611122,0.1367335919803736,1.6,3.2,0.0
2026-04-02 15:59:00,25.51,38.0,38.88545316050003,6.014004434195546,0.12,-0.8854531605000275,2.322102965936122,0.24234245036367952,1.6,3.2,0.0
2026-04-02 16:00:00,25.74,38.0,38.88416750842961,5.92469750163715,0.2,-0.8841675084296128,2.3073668407956283,0.07713912422488534,1.65,3.2,0.0
2026-04-02 16:01:00,25.74,38.0,38.8792287641695,5.8859542289106335,0.2,-0.8792287641694969,2.29271302805947,0.2963246556069521,1.65,3.2,0.0
2026-04-02 16:02:00,25.74,38.0,38.87278819009673,5.850032472658879,0.2,-0.8727881900967276,2.2781665582245245,0.38643444436615937,1.65,3.2,0.0
2026-04-02 16:03:00,25.74,38.0,38.864990408490854,5.8167659905223905,0.2,-0.8649904084908542,2.2637500514163436,0.46786689635240464,1.65,3.2,0.0
2026-04-02 16:04:00,25.74,38.0,38.85597045755982,5.785997151822073,0.2,-0.8559704575598204,2.24948387712368,0.5411970558620283,1.65,3.2,0.0
2026-04-02 16:05:00,25.74,38.0,38.84585432753534,5.757576535560577,0.2,-0.8458543275353421,2.235386304998091,0.6069678014686986,1.65,3.2,0.0
2026-04-02 16:06:00,25.74,38.0,38.83475947006322,5.731362545319543,0.2,-0.8347594700632186,2.221473647163704,0.6656914483274079,1.65,3.2,0.0
2026-04-02 16:07:00,25.74,38.0,38.82279528209007,5.707221040430434,0.2,-0.8227952820900697,2.2077603924622027,0.7178512783889346,1.65,3.2,0.0
2026-04-02 16:08:00,25.74,38.0,38.81006356539952,5.6850249828152055,0.2,-0.810063565399517,2.1942593330388775,0.7639030014331638,1.65,3.2,0.0
2026-04-02 16:09:00,25.74,38.0,38.79665896290421,5.664654098910903,0.2,-0.7966589629042105,2.1809816836571407,0.8042761497183903,1.65,3.2,0.0
2026-04-02 16:10:00,25.74,38.0,38.78266937275493,5.645994556110284,0.2,-0.7826693727549312,2.167937194111225,0.8393754089567551,1.65,3.2,0.0
2026-04-02 16:11:00,25.74,38.0,38.76817634128461,5.628938653167805,0.2,-0.7681763412846081,2.155134255089815,0.8695818882193862,1.65,3.2,0.0
2026-04-02 16:12:00,25.74,38.0,38.753255435763066,5.613384524037652,0.2,-0.7532554357630659,2.142579997827097,0.8952543312925343,1.65,3.2,0.0
2026-04-02 16:13:00,25.74,38.0,38.73797659789794,5.599235854627218,0.2,-0.7379765978979407,2.1302803878621313,0.916730271907511,1.65,3.2,0.0
2026-04-02 16:14:00,25.74,38.0,38.72240447897816,5.586401611966016,0.2,-0.722404478978163,2.118240313212495,0.9343271351866633,1.65,3.2,0.0
2026-04-02 16:15:00,25.74,38.0,38.706598757518904,5.539465847430172,0.2,-0.7065987575189041,2.1064636672538466,0.9483432875555309,1.7,3.2,0.0
2026-04-02 16:16:00,25.74,38.0,38.689159641087414,5.532357164505709,0.2,-0.6891596410874143,2.094977673235723,1.046346985889386,1.7,3.2,0.0
2026-04-02 16:17:00,25.74,38.0,38.67175804064679,5.526112789753602,0.2,-0.6717580406467931,2.0837817058916097,1.0440960264372734,1.7,3.2,0.0
2026-04-02 16:18:00,25.74,38.0,38.6544288358447,5.520669566672115,0.2,-0.6544288358446977,2.0728745586275314,1.039752288125726,1.7,3.2,0.0
2026-04-02 16:19:00,25.74,38.0,38.63720364520621,5.515968196346541,0.2,-0.6372036452062133,2.0622544978740946,1.0335114383090627,1.7,3.2,0.0
2026-04-02 16:20:00,25.74,38.0,38.62011104673359,5.511953024590875,0.2,-0.6201110467335909,2.0519193137618683,1.0255559083573473,1.7,3.2,0.0
2026-04-02 16:21:00,25.74,38.0,38.60317678556366,5.508571840016359,0.2,-0.6031767855636616,2.0418663673358073,1.0160556701957546,1.7,3.2,0.0
2026-04-02 16:22:00,25.74,38.0,38.58642396937791,5.505775682498647,0.2,-0.5864239693779112,2.0320926345128423,1.0051689711450251,1.7,3.2,0.0
2026-04-02 16:23:00,25.74,38.0,38.569873252225385,5.503518661539254,0.2,-0.5698732522253849,2.0225947469757526,0.993043029151579,1.7,3.2,0.0
2026-04-02 16:24:00,25.74,38.0,38.55354300738518,5.501757784040393,0.2,-0.5535430073851799,2.0133690301859994,0.9798146904122973,1.7,3.2,0.0
2026-04-02 16:25:00,25.74,38.0,38.53744948986377,5.50045279103406,0.2,-0.5374494898637678,2.00441153868827,0.9656110512847249,1.7,3.2,0.0
2026-04-02 16:26:00,25.74,38.0,38.52160698909212,5.499566002927613,0.2,-0.5216069890921204,1.995718088870068,0.9505500462988437,1.7,3.2,0.0
2026-04-02 16:27:00,25.74,38.0,38.50602797235887,5.49906217284833,0.2,-0.5060279723588721,1.9872842893307536,0.9347410039949011,1.7,3.2,0.0
2026-04-02 16:28:00,25.74,38.0,38.4907232194885,5.498908347688574,0.2,-0.49072321948850117,1.9791055690059454,0.9182851722222551,1.7,3.2,0.0
2026-04-02 16:29:00,25.74,38.0,38.47570194924734,5.4990737364720275,0.2,-0.47570194924733755,1.9711772031851564,0.9012762144698172,1.7,3.2,0.0
2026-04-02 16:30:00,25.74,38.0,38.460971937935604,5.499529585678743,0.2,-0.46097193793560365,1.9634943375528964,0.8838006787040342,1.7,3.2,0.0
2026-04-02 16:31:00,25.74,38.0,38.44653963059987,5.500249061184159,0.2,-0.44653963059987234,1.9560520103762318,0.8659384401438786,1.7,3.2,0.0
2026-04-02 16:32:00,25.74,38.0,38.43241024527818,5.501207136482871,0.2,-0.4324102452781773,1.9488451729549288,0.8477631193017032,1.7,3.2,0.0
2026-04-02 16:33:00,25.74,38.0,38.418587870668375,5.5023804868838875,0.2,-0.4185878706683752,1.9418687084437891,0.8293424765881241,1.7,3.2,0.0
2026-04-02 16:34:00,25.74,38.0,38.40507555759027,5.503747389378515,0.2,-0.4050755575902727,1.935117449150618,0.8107387846861513,1.7,3.2,0.0
2026-04-02 16:35:00,25.74,38.0,38.391875404592575,5.50528762789633,0.2,-0.3918754045925752,1.9285861924074084,0.79200917986185,1.7,3.2,0.0
2026-04-02 16:36:00,25.74,38.0,38.37898863803746,5.506982403678023,0.2,-0.3789886380374625,1.922269715106784,0.7732059933067603,1.7,3.2,0.0
2026-04-02 16:37:00,25.74,38.0,38.366415686977994,5.508814250506958,0.2,-0.3664156869779944,1.916162786990484,0.7543770635680858,1.7,3.2,0.0
2026-04-02 16:38:00,25.74,38.0,38.35415625312707,5.510766954553414,0.2,-0.3541562531270728,1.9102601827716994,0.7355660310552992,1.7,3.2,0.0
2026-04-02 16:39:00,25.74,38.0,38.34220937620082,5.512825478597334,0.2,-0.34220937620082026,1.9045566931683524,0.7168126155751509,1.7,3.2,0.0
2026-04-02 16:40:00,25.74,38.0,38.33057349490426,5.514975890406596,0.2,-0.33057349490425736,1.899047134919948,0.698152877793774,1.7,3.2,0.0
2026-04-02 16:41:00,25.74,38.0,38.31924650381299,5.51720529505839,0.2,-0.319246503812991,1.8937263598563983,0.6796194654759802,1.7,3.2,0.0
2026-04-02 16:42:00,25.74,38.0,38.30822580639083,5.519501771001886,0.2,-0.30822580639082986,1.8885892630832177,0.6612418453296698,1.7,3.2,0.0
2026-04-02 16:43:00,25.74,38.0,38.297508364370735,5.521854309669608,0.2,-0.297508364370735,1.8836307903437055,0.6430465212056902,1.7,3.2,0.0
2026-04-02 16:44:00,25.74,38.0,38.28709074371401,5.524252758454626,0.2,-0.28709074371401044,1.8788459446151387,0.6250572394034748,1.7,3.2,0.0
2026-04-02 16:45:00,25.74,38.0,38.27696915735108,5.5266877668795455,0.2,-0.27696915735108263,1.8742297919926205,0.6072951817756689,1.7,3.2,0.0
2026-04-02 16:46:00,25.74,38.0,38.26713950489636,5.529150735791429,0.2,-0.2671395048963632,1.8697774669110145,0.589779147283167,1.7,3.2,0.0
2026-04-02 16:47:00,25.74,38.0,38.25759740951899,5.531633769425278,0.2,-0.25759740951899346,1.8654841767523647,0.5725257226421832,1.7,3.2,0.0
2026-04-02 16:48:00,25.74,38.0,38.248338252141494,5.534129630186148,0.2,-0.24833825214149385,1.8613452058833397,0.5555494426499763,1.7,3.2,0.0
2026-04-02 16:49:00,25.74,38.0,38.239357203128826,5.53663169600748,0.2,-0.2393572031288258,1.857355919164526,0.5388629407600831,1.7,3.2,0.0
2026-04-02 16:50:00,25.74,38.0,38.23064925162156,5.53913392015002,0.2,-0.23064925162155703,1.8535117649708333,0.5224770904361264,1.7,3.2,0.0
2026-04-02 16:51:00,25.74,38.0,38.222209232658116,5.541630793312769,0.2,-0.2222092326581162,1.8498082777598646,0.5064011378064492,1.7,3.2,0.0
2026-04-02 16:52:00,25.74,38.0,38.214031852223336,5.544117307933318,0.2,-0.21403185222333576,1.8462410802228089,0.49064282608682674,1.7,3.2,0.0
2026-04-02 16:53:00,25.74,38.0,38.20611171035257,5.546588924561477,0.2,-0.20611171035257314,1.842805885050266,0.4752085122457572,1.7,3.2,0.0
2026-04-02 16:54:00,25.74,38.0,38.198443322413745,5.896978832160851,0.2,0.0,1.842805885050266,12.366702621154388,1.7,3.2,0.0
2026-04-02 16:55:00,25.74,38.0,38.20534833269026,5.536934755510601,0.2,-0.20534833269025654,1.8393834128387616,-12.320899961415392,1.7,3.2,0.0
2026-04-02 16:56:00,25.74,38.0,38.197296865651246,5.886026921084038,0.2,0.0,1.8393834128387616,12.320899961415392,1.7,3.2,0.0
2026-04-02 16:57:00,25.74,38.0,38.203772613167494,5.528745605997031,0.2,-0.2037726131674944,1.8359872026193034,-12.226356790049664,1.7,3.2,0.0
2026-04-02 16:58:00,25.74,38.0,38.19541377571846,5.8751590483817715,0.2,0.0,1.8359872026193034,12.226356790049664,1.7,3.2,0.0
2026-04-02 16:59:00,25.74,38.0,38.201477670139006,5.521901533404714,0.2,-0.2014776701390062,1.83262924145032,-12.088660208340372,1.7,3.2,0.0
2026-04-02 17:00:00,25.72,38.0,38.19250174090771,5.864413572641024,0.2,0.0,1.83262924145032,12.088660208340372,1.7,3.2,0.0
2026-04-02 17:01:00,25.72,38.0,38.19779957893929,5.864413572641024,0.2,0.0,1.83262924145032,0.0,1.7,3.2,0.0
2026-04-02 17:02:00,25.72,38.0,38.20299709504435,5.508491999329927,0.2,-0.2029970950443527,1.8292459565329142,-12.179825702661162,1.7,3.2,0.0
2026-04-02 17:03:00,25.72,38.0,38.19344022206357,5.853587060905326,0.2,0.0,1.8292459565329142,12.179825702661162,1.7,3.2,0.0
2026-04-02 17:04:00,25.72,38.0,38.19827447977116,5.853587060905326,0.2,0.0,1.8292459565329142,0.0,1.7,3.2,0.0
2026-04-02 17:05:00,25.72,38.0,38.20301719408999,5.497630247267547,0.2,-0.20301719408998764,1.8258623366314144,-12.181031645399258,1.7,3.2,0.0
2026-04-02 17:06:00,25.72,38.0,38.19301268051775,5.842759477220526,0.2,0.0,1.8258623366314144,12.181031645399258,1.7,3.2,0.0
2026-04-02 17:07:00,25.72,38.0,38.19740918129962,5.842759477220526,0.2,0.0,1.8258623366314144,0.0,1.7,3.2,0.0
2026-04-02 17:08:00,25.72,38.0,38.20172242822855,5.48907281972647,0.2,-0.2017224282285497,1.8225002961609387,-12.103345693712981,1.7,3.2,0.0
2026-04-02 17:09:00,25.72,38.0,38.1913900592232,5.832000947715004,0.2,0.0,1.8225002961609387,12.103345693712981,1.7,3.2,0.0
2026-04-02 17:10:00,25.72,38.0,38.19537427705511,5.832000947715004,0.2,0.0,1.8225002961609387,0.0,1.7,3.2,0.0
2026-04-02 17:11:00,25.72,38.0,38.19928304818477,5.832000947715004,0.2,0.0,1.8225002961609387,0.0,1.7,3.2,0.0
2026-04-02 17:12:00,25.72,38.0,38.20311780130034,5.475867736101746,0.2,-0.20311780130033696,1.8191149994725997,-12.187068078020218,1.7,3.2,0.0
2026-04-02 17:13:00,25.72,38.0,38.19221525640142,5.821167998312319,0.2,0.0,1.8191149994725997,12.187068078020218,1.7,3.2,0.0
2026-04-02 17:14:00,25.72,38.0,38.19573777401177,5.821167998312319,0.2,0.0,1.8191149994725997,0.0,1.7,3.2,0.0
2026-04-02 17:15:00,25.72,38.0,38.19919358785527,5.821167998312319,0.2,0.0,1.8191149994725997,0.0,1.7,3.2,0.0
2026-04-02 17:16:00,25.72,38.0,38.202583961060455,5.465970786586322,0.2,-0.20258396106045495,1.815738600121592,-12.155037663627297,1.7,3.2,0.0
2026-04-02 17:17:00,25.72,38.0,38.19128399335435,5.810363520389095,0.2,0.0,1.815738600121592,12.155037663627297,1.7,3.2,0.0
2026-04-02 17:18:00,25.72,38.0,38.194379244143626,5.810363520389095,0.2,0.0,1.815738600121592,0.0,1.7,3.2,0.0
2026-04-02 17:19:00,25.72,38.0,38.197415882057165,5.810363520389095,0.2,0.0,1.815738600121592,0.0,1.7,3.2,0.0
2026-04-02 17:20:00,25.72,38.0,38.20039501701123,5.459004257229402,0.2,-0.20039501701123186,1.812398683171405,-12.023701020673911,1.7,3.2,0.0
2026-04-02 17:21:00,25.72,38.0,38.18884963561698,5.799675786148496,0.2,0.0,1.812398683171405,12.023701020673911,1.7,3.2,0.0
2026-04-02 17:22:00,25.72,38.0,38.19155088998734,5.799675786148496,0.2,0.0,1.812398683171405,0.0,1.7,3.2,0.0
2026-04-02 17:23:00,25.72,38.0,38.19420099235176,5.799675786148496,0.2,0.0,1.812398683171405,0.0,1.7,3.2,0.0
2026-04-02 17:24:00,25.72,38.0,38.196800911344575,5.799675786148496,0.2,0.0,1.812398683171405,0.0,1.7,3.2,0.0
2026-04-02 17:25:00,25.72,38.0,38.19935159725767,5.799675786148496,0.2,0.0,1.812398683171405,0.0,1.7,3.2,0.0
2026-04-02 17:26:00,25.72,38.0,38.20185398238784,5.445758470361819,0.2,-0.20185398238783847,1.8090344501316076,-12.111238943270308,1.7,3.2,0.0
2026-04-02 17:27:00,25.72,38.0,38.18973554483284,5.788910240421145,0.2,0.0,1.8090344501316076,12.111238943270308,1.7,3.2,0.0
2026-04-02 17:28:00,25.72,38.0,38.19197672483086,5.788910240421145,0.2,0.0,1.8090344501316076,0.0,1.7,3.2,0.0
2026-04-02 17:29:00,25.72,38.0,38.194175464970634,5.788910240421145,0.2,0.0,1.8090344501316076,0.0,1.7,3.2,0.0
2026-04-02 17:30:00,25.72,38.0,38.19633256890986,5.788910240421145,0.2,0.0,1.8090344501316076,0.0,1.7,3.2,0.0
2026-04-02 17:31:00,25.72,38.0,38.198448825087866,5.788910240421145,0.2,0.0,1.8090344501316076,0.0,1.7,3.2,0.0
2026-04-02 17:32:00,25.72,38.0,38.200525007013795,5.437323061456957,0.2,-0.20052500701379472,1.8056923666813776,-12.031500420827683,1.7,3.2,0.0
2026-04-02 17:33:00,25.72,38.0,38.188084386254914,5.778215573380408,0.2,0.0,1.8056923666813776,12.031500420827683,1.7,3.2,0.0
2026-04-02 17:34:00,25.72,38.0,38.18991645339387,5.778215573380408,0.2,0.0,1.8056923666813776,0.0,1.7,3.2,0.0
2026-04-02 17:35:00,25.72,38.0,38.19171382779519,5.778215573380408,0.2,0.0,1.8056923666813776,0.0,1.7,3.2,0.0
2026-04-02 17:36:00,25.72,38.0,38.19347716641407,5.778215573380408,0.2,0.0,1.8056923666813776,0.0,1.7,3.2,0.0
2026-04-02 17:37:00,25.72,38.0,38.19520711376536,5.778215573380408,0.2,0.0,1.8056923666813776,0.0,1.7,3.2,0.0
2026-04-02 17:38:00,25.72,38.0,38.19690430215913,5.778215573380408,0.2,0.0,1.8056923666813776,0.0,1.7,3.2,0.0
2026-04-02 17:39:00,25.72,38.0,38.19856935193177,5.778215573380408,0.2,0.0,1.8056923666813776,0.0,1.7,3.2,0.0
2026-04-02 17:40:00,25.72,38.0,38.20020287167274,5.427193205047544,0.2,-0.20020287167273665,1.8023556521534987,-12.012172300364199,1.7,3.2,0.0
2026-04-02 17:41:00,25.72,38.0,38.1873512286524,5.7675380868911965,0.2,0.0,1.8023556521534987,12.012172300364199,1.7,3.2,0.0
2026-04-02 17:42:00,25.72,38.0,38.18875750676038,5.7675380868911965,0.2,0.0,1.8023556521534987,0.0,1.7,3.2,0.0
2026-04-02 17:43:00,25.72,38.0,38.190137155037824,5.7675380868911965,0.2,0.0,1.8023556521534987,0.0,1.7,3.2,0.0
2026-04-02 17:44:00,25.72,38.0,38.19149067775758,5.7675380868911965,0.2,0.0,1.8023556521534987,0.0,1.7,3.2,0.0
2026-04-02 17:45:00,25.72,38.0,38.192818569643386,5.7675380868911965,0.2,0.0,1.8023556521534987,0.0,1.7,3.2,0.0
2026-04-02 17:46:00,25.72,38.0,38.194121316050726,5.7675380868911965,0.2,0.0,1.8023556521534987,0.0,1.7,3.2,0.0
2026-04-02 17:47:00,25.72,38.0,38.19539939314417,5.7675380868911965,0.2,0.0,1.8023556521534987,0.0,1.7,3.2,0.0
2026-04-02 17:48:00,25.72,38.0,38.19665326807147,5.7675380868911965,0.2,0.0,1.8023556521534987,0.0,1.7,3.2,0.0
2026-04-02 17:49:00,25.72,38.0,38.197883399134284,5.7675380868911965,0.2,0.0,1.8023556521534987,0.0,1.7,3.2,0.0
2026-04-02 17:50:00,25.72,38.0,38.19909023595567,5.7675380868911965,0.2,0.0,1.8023556521534987,0.0,1.7,3.2,0.0
2026-04-02 17:51:00,25.72,38.0,38.200274219644484,5.4163906217812,0.2,-0.20027421964448422,1.7990177484927572,-12.016453178669053,1.7,3.2,0.0
2026-04-02 17:52:00,25.72,38.0,38.18697640198719,5.756856795176823,0.2,0.0,1.7990177484927572,12.016453178669053,1.7,3.2,0.0
2026-04-02 17:53:00,25.72,38.0,38.187949948880124,5.756856795176823,0.2,0.0,1.7990177484927572,0.0,1.7,3.2,0.0
2026-04-02 17:54:00,25.72,38.0,38.18890506030952,5.756856795176823,0.2,0.0,1.7990177484927572,0.0,1.7,3.2,0.0
2026-04-02 17:55:00,25.72,38.0,38.18984208537651,5.756856795176823,0.2,0.0,1.7990177484927572,0.0,1.7,3.2,0.0
2026-04-02 17:56:00,25.72,38.0,38.1907613665715,5.756856795176823,0.2,0.0,1.7990177484927572,0.0,1.7,3.2,0.0
2026-04-02 17:57:00,25.72,38.0,38.19166323989936,5.756856795176823,0.2,0.0,1.7990177484927572,0.0,1.7,3.2,0.0
2026-04-02 17:58:00,25.72,38.0,38.19254803500226,5.756856795176823,0.2,0.0,1.7990177484927572,0.0,1.7,3.2,0.0
2026-04-02 17:59:00,25.72,38.0,38.19341607528012,5.756856795176823,0.2,0.0,1.7990177484927572,0.0,1.7,3.2,0.0
2026-04-02 18:00:00,24.98,41.0,38.180254749493514,10.700810134398196,0.2,2.819745250506486,1.8460135026678652,169.18471503038916,1.7,3.2,0.0
2026-04-02 18:01:00,24.98,41.0,38.37092237797065,10.516892639161961,0.2,2.6290776220293495,1.889831463035021,-11.440057708628188,1.7,3.2,0.0
2026-04-02 18:02:00,24.98,41.0,38.55040618397599,10.342415172474169,0.2,2.449593816024013,1.9306580266354212,-10.769028360320192,1.7,3.2,0.0
2026-04-02 18:03:00,24.98,41.0,38.71930666567517,10.176921331416217,0.2,2.2806933343248303,1.9686695822075018,-10.134028901950956,1.7,3.2,0.0
2026-04-02 18:04:00,24.98,41.0,38.878194156427156,10.019975575461725,0.2,2.1218058435728437,2.004033012933716,-9.533249445119196,1.7,3.2,0.0
2026-04-02 18:05:00,24.98,41.0,39.02761025505833,10.068401302013125,0.2,1.9723897449416725,2.0369061753494107,-8.964965917870273,1.8,3.2,0.0
2026-04-02 18:06:00,24.98,41.0,39.17619100340416,9.898225768142398,0.2,1.8238089965958366,2.067302991959341,-8.914844900750154,1.8,3.2,0.0
2026-04-02 18:07:00,24.98,41.0,39.31495076270716,9.738327494052616,0.2,1.6850492372928372,2.0953871459142217,-8.325585558179966,1.8,3.2,0.0
2026-04-02 18:08:00,24.98,41.0,39.444498699091724,9.588101277942181,0.2,1.5555013009082757,2.1213121675960265,-7.772876183073691,1.8,3.2,0.0
2026-04-02 18:09:00,24.98,41.0,39.56540752256709,9.446976994482942,0.2,1.4345924774329077,2.1452220422199084,-7.254529408522075,1.8,3.2,0.0
2026-04-02 18:10:00,24.98,41.0,39.67821562173667,9.314417582818415,0.2,1.321784378263331,2.1672517818576305,-6.7684859501746075,1.8,3.2,0.0
2026-04-02 18:11:00,24.98,41.0,39.78342907523442,9.18991714917662,0.2,1.216570924765577,2.1875279639370566,-6.312807209865241,1.8,3.2,0.0
2026-04-02 18:12:00,24.98,41.0,39.88152354694223,9.072999177598977,0.2,1.1184764530577667,2.2061692381546862,-5.885668302468616,1.8,3.2,0.0
2026-04-02 18:13:00,24.98,41.0,39.972946071640926,8.963214842653812,0.2,1.0270539283590736,2.2232868036273374,-5.485351481921583,1.8,3.2,0.0
2026-04-02 18:14:00,24.98,41.0,40.05811673736925,8.86014141834981,0.2,0.9418832626307534,2.2389848580045166,-5.110239943699213,1.8,3.2,0.0
2026-04-02 18:15:00,24.98,41.0,40.13743027040807,8.763380777791502,0.2,0.8625697295919323,2.253361020164382,-4.758811982329263,1.8,3.2,0.0
2026-04-02 18:16:00,24.98,41.0,40.2112575284702,8.672557978427921,0.2,0.788742471529801,2.266506728023212,-4.429635483727878,1.8,3.2,0.0
2026-04-02 18:17:00,24.98,41.0,40.279946907358664,8.587319928036223,0.2,0.7200530926413364,2.2785076129005675,-4.121362733307876,1.8,3.2,0.0
2026-04-02 18:18:00,24.98,41.0,40.34382566605649,8.507334126857124,0.2,0.6561743339435111,2.289443851799626,-3.83272552186952,1.8,3.2,0.0
2026-04-02 18:19:00,24.98,41.0,40.40320117492824,8.432287481558461,0.2,0.5967988250717582,2.299390498884155,-3.562530532305175,1.8,3.2,0.0
2026-04-02 18:20:00,24.98,41.0,40.458362091447206,8.361885186947141,0.2,0.5416379085527936,2.308417797360035,-3.309654991137876,1.8,3.2,0.0
2026-04-02 18:21:00,24.98,41.0,40.509579467610145,8.29584967158131,0.2,0.49042053238985517,2.3165914728998658,-3.0730425697763053,1.8,3.2,0.0
2026-04-02 18:22:00,24.98,41.0,40.55710779296456,8.233919603651923,0.2,0.44289220703544174,2.32397300968379,-2.8516995212648055,1.8,3.2,0.0
2026-04-02 18:23:00,24.98,41.0,40.60118597694945,8.175848953708476,0.2,0.3988140230505479,2.3306199100679654,-2.6446910390936296,1.8,3.2,0.0
2026-04-02 18:24:00,24.98,41.0,40.6420382740395,8.121406110997617,0.2,0.35796172596050013,2.3365859388339736,-2.451137825402867,1.8,3.2,0.0
2026-04-02 18:25:00,24.98,41.0,40.67987515498329,8.070373050366346,0.2,0.3201248450167071,2.3419213529175855,-2.2702128566275803,1.8,3.2,0.0
2026-04-02 18:26:00,24.98,41.0,40.71489412723867,8.022544546853936,0.2,0.2851058727613278,2.3466731174636077,-2.1011383353227586,1.8,3.2,0.0
2026-04-02 18:27:00,24.98,41.0,40.747280507530796,7.977727435259803,0.2,0.252719492469204,2.350885109004761,-1.943182817527429,1.8,3.2,0.0
2026-04-02 18:28:00,24.98,41.0,40.77720814929158,7.93573991212817,0.2,0.22279185070841834,2.354598306516568,-1.7956585056471397,1.8,3.2,0.0
2026-04-02 18:29:00,24.98,41.0,40.80484012758156,7.534714580853017,0.2,0.0,2.354598306516568,-13.3675110425051,1.8,3.2,0.0
2026-04-02 18:30:00,24.98,41.0,40.81543562826978,7.534714580853017,0.2,0.0,2.354598306516568,0.0,1.8,3.2,0.0
2026-04-02 18:31:00,24.98,41.0,40.825830488425936,7.534714580853017,0.2,0.0,2.354598306516568,0.0,1.8,3.2,0.0
2026-04-02 18:32:00,24.98,41.0,40.836028507457364,7.534714580853017,0.2,0.0,2.354598306516568,0.0,1.8,3.2,0.0
2026-04-02 18:33:00,24.98,41.0,40.846033412824355,7.534714580853017,0.2,0.0,2.354598306516568,0.0,1.8,3.2,0.0
2026-04-02 18:34:00,24.98,41.0,40.85584886140255,7.534714580853017,0.2,0.0,2.354598306516568,0.0,1.8,3.2,0.0
2026-04-02 18:35:00,24.98,41.0,40.865478440819565,7.534714580853017,0.2,0.0,2.354598306516568,0.0,1.8,3.2,0.0
2026-04-02 18:36:00,24.98,41.0,40.8749256707663,7.534714580853017,0.2,0.0,2.354598306516568,0.0,1.8,3.2,0.0
2026-04-02 18:37:00,24.98,41.0,40.88419400428343,7.534714580853017,0.2,0.0,2.354598306516568,0.0,1.8,3.2,0.0
2026-04-02 18:38:00,24.98,41.0,40.89328682902349,7.534714580853017,0.2,0.0,2.354598306516568,0.0,1.8,3.2,0.0
2026-04-02 18:39:00,24.98,41.0,40.90220746848911,7.534714580853017,0.2,0.0,2.354598306516568,0.0,1.8,3.2,0.0
2026-04-02 18:40:00,24.98,41.0,40.91095918324778,7.534714580853017,0.2,0.0,2.354598306516568,0.0,1.8,3.2,0.0
2026-04-02 18:41:00,24.98,41.0,40.91954517212362,7.534714580853017,0.2,0.0,2.354598306516568,0.0,1.8,3.2,0.0
2026-04-02 18:42:00,24.98,41.0,40.92796857336655,7.534714580853017,0.2,0.0,2.354598306516568,0.0,1.8,3.2,0.0
2026-04-02 18:43:00,24.98,41.0,40.93623246579938,7.534714580853017,0.2,0.0,2.354598306516568,0.0,1.8,3.2,0.0
2026-04-02 18:44:00,24.98,41.0,40.94433986994313,7.534714580853017,0.2,0.0,2.354598306516568,0.0,1.8,3.2,0.0
2026-04-02 18:45:00,24.98,41.0,40.95229374912105,7.534714580853017,0.2,0.0,2.354598306516568,0.0,1.8,3.2,0.0
2026-04-02 18:46:00,24.98,41.0,40.96009701054175,7.534714580853017,0.2,0.0,2.354598306516568,0.0,1.8,3.2,0.0
2026-04-02 18:47:00,24.98,41.0,40.96775250636182,7.534714580853017,0.2,0.0,2.354598306516568,0.0,1.8,3.2,0.0
2026-04-02 18:48:00,24.98,41.0,40.975263034728265,7.534714580853017,0.2,0.0,2.354598306516568,0.0,1.8,3.2,0.0
2026-04-02 18:49:00,24.98,41.0,40.98263134080132,7.534714580853017,0.2,0.0,2.354598306516568,0.0,1.8,3.2,0.0
2026-04-02 18:50:00,24.98,41.0,40.98986011775778,7.534714580853017,0.2,0.0,2.354598306516568,0.0,1.8,3.2,0.0
2026-04-02 18:51:00,24.98,41.0,40.9969520077754,7.534714580853017,0.2,0.0,2.354598306516568,0.0,1.8,3.2,0.0
2026-04-02 18:52:00,24.98,41.0,41.00390960299862,7.534714580853017,0.2,0.0,2.354598306516568,0.0,1.8,3.2,0.0
2026-04-02 18:53:00,24.98,41.0,41.010735446486024,7.534714580853017,0.2,0.0,2.354598306516568,0.0,1.8,3.2,0.0
2026-04-02 18:54:00,24.98,41.0,41.017432033139855,7.534714580853017,0.2,0.0,2.354598306516568,0.0,1.8,3.2,0.0
2026-04-02 18:55:00,24.98,41.0,41.024001810617904,7.534714580853017,0.2,0.0,2.354598306516568,0.0,1.8,3.2,0.0
2026-04-02 18:56:00,24.98,41.0,41.03044718022817,7.534714580853017,0.2,0.0,2.354598306516568,0.0,1.8,3.2,0.0
2026-04-02 18:57:00,24.98,41.0,41.03677049780654,7.534714580853017,0.2,0.0,2.354598306516568,0.0,1.8,3.2,0.0
2026-04-02 18:58:00,24.98,41.0,41.04297407457788,7.534714580853017,0.2,0.0,2.354598306516568,0.0,1.8,3.2,0.0
2026-04-02 18:59:00,24.98,41.0,41.049060178000786,7.534714580853017,0.2,0.0,2.354598306516568,0.0,1.8,3.2,0.0
2026-04-02 19:00:00,24.41,41.0,41.04423729036162,7.534714580853017,0.2,0.0,2.354598306516568,0.0,1.8,3.2,0.0
2026-04-02 19:01:00,24.41,41.0,41.039505730803164,7.534714580853017,0.2,0.0,2.354598306516568,0.0,1.8,3.2,0.0
2026-04-02 19:02:00,24.41,41.0,41.03486376990128,7.534714580853017,0.2,0.0,2.354598306516568,0.0,1.8,3.2,0.0
2026-04-02 19:03:00,24.41,41.0,41.03030971098086,7.534714580853017,0.2,0.0,2.354598306516568,0.0,1.8,3.2,0.0
2026-04-02 19:04:00,24.41,41.0,41.025841889495716,7.534714580853017,0.2,0.0,2.354598306516568,0.0,1.8,3.2,0.0
2026-04-02 19:05:00,24.41,41.0,41.02145867242016,7.534714580853017,0.2,0.0,2.354598306516568,0.0,1.8,3.2,0.0
2026-04-02 19:06:00,24.41,41.0,41.0171584576521,7.534714580853017,0.2,0.0,2.354598306516568,0.0,1.8,3.2,0.0
2026-04-02 19:07:00,24.41,41.0,41.012939673427475,7.534714580853017,0.2,0.0,2.354598306516568,0.0,1.8,3.2,0.0
2026-04-02 19:08:00,24.41,41.0,41.008800777745776,7.534714580853017,0.2,0.0,2.354598306516568,0.0,1.8,3.2,0.0
2026-04-02 19:09:00,24.41,41.0,41.0047402578064,7.534714580853017,0.2,0.0,2.354598306516568,0.0,1.8,3.2,0.0
2026-04-02 19:10:00,24.41,41.0,41.00075662945573,7.534714580853017,0.2,0.0,2.354598306516568,0.0,1.8,3.2,0.0
2026-04-02 19:11:00,24.41,41.0,40.99684843664467,7.534714580853017,0.2,0.0,2.354598306516568,0.0,1.8,3.2,0.0
2026-04-02 19:12:00,24.41,41.0,40.99301425089643,7.534714580853017,0.2,0.0,2.354598306516568,0.0,1.8,3.2,0.0
2026-04-02 19:13:00,24.41,41.0,40.98925267078441,7.534714580853017,0.2,0.0,2.354598306516568,0.0,1.8,3.2,0.0
2026-04-02 19:14:00,24.41,41.0,40.98556232141998,7.534714580853017,0.2,0.0,2.354598306516568,0.0,1.8,3.2,0.0
2026-04-02 19:15:00,24.41,41.0,40.98194185394993,7.534714580853017,0.2,0.0,2.354598306516568,0.0,1.8,3.2,0.0
2026-04-02 19:16:00,24.41,41.0,40.978389945063455,7.534714580853017,0.2,0.0,2.354598306516568,0.0,1.8,3.2,0.0
2026-04-02 19:17:00,24.41,41.0,40.974905296508496,7.534714580853017,0.2,0.0,2.354598306516568,0.0,1.8,3.2,0.0
2026-04-02 19:18:00,24.41,41.0,40.971486634617186,7.534714580853017,0.2,0.0,2.354598306516568,0.0,1.8,3.2,0.0
2026-04-02 19:19:00,24.41,41.0,40.96813270984033,7.534714580853017,0.2,0.0,2.354598306516568,0.0,1.8,3.2,0.0
2026-04-02 19:20:00,24.41,41.0,40.964842296290705,7.534714580853017,0.2,0.0,2.354598306516568,0.0,1.8,3.2,0.0
2026-04-02 19:21:00,24.41,41.0,40.961614191294935,7.534714580853017,0.2,0.0,2.354598306516568,0.0,1.8,3.2,0.0
2026-04-02 19:22:00,24.41,41.0,40.95844721495396,7.534714580853017,0.2,0.0,2.354598306516568,0.0,1.8,3.2,0.0
2026-04-02 19:23:00,24.41,41.0,40.95534020971173,7.534714580853017,0.2,0.0,2.354598306516568,0.0,1.8,3.2,0.0
2026-04-02 19:24:00,24.41,41.0,40.952292039932146,7.534714580853017,0.2,0.0,2.354598306516568,0.0,1.8,3.2,0.0
2026-04-02 19:25:00,24.41,41.0,40.94930159148395,7.534714580853017,0.2,0.0,2.354598306516568,0.0,1.8,3.2,0.0
2026-04-02 19:26:00,24.41,41.0,40.946367771333506,7.534714580853017,0.2,0.0,2.354598306516568,0.0,1.8,3.2,0.0
2026-04-02 19:27:00,24.41,41.0,40.94348950714528,7.534714580853017,0.2,0.0,2.354598306516568,0.0,1.8,3.2,0.0
2026-04-02 19:28:00,24.41,41.0,40.94066574688992,7.534714580853017,0.2,0.0,2.354598306516568,0.0,1.8,3.2,0.0
2026-04-02 19:29:00,24.41,41.0,40.93789545845969,7.534714580853017,0.2,0.0,2.354598306516568,0.0,1.8,3.2,0.0
2026-04-02 19:30:00,24.41,41.0,40.935177629291275,7.534714580853017,0.2,0.0,2.354598306516568,0.0,1.8,3.2,0.0
2026-04-02 19:31:00,24.41,41.0,40.932511265995636,7.534714580853017,0.2,0.0,2.354598306516568,0.0,1.8,3.2,0.0
2026-04-02 19:32:00,24.41,41.0,40.92989539399494,7.534714580853017,0.2,0.0,2.354598306516568,0.0,1.8,3.2,0.0
2026-04-02 19:33:00,24.41,41.0,40.92732905716634,7.534714580853017,0.2,0.0,2.354598306516568,0.0,1.8,3.2,0.0
2026-04-02 19:34:00,24.41,41.0,40.9248113174925,7.534714580853017,0.2,0.0,2.354598306516568,0.0,1.8,3.2,0.0
2026-04-02 19:35:00,24.41,41.0,40.92234125471876,7.534714580853017,0.2,0.0,2.354598306516568,0.0,1.8,3.2,0.0
2026-04-02 19:36:00,24.41,41.0,40.91991796601674,7.534714580853017,0.2,0.0,2.354598306516568,0.0,1.8,3.2,0.0
2026-04-02 19:37:00,24.41,41.0,40.91754056565439,7.534714580853017,0.2,0.0,2.354598306516568,0.0,1.8,3.2,0.0
2026-04-02 19:38:00,24.41,41.0,40.91520818467222,7.534714580853017,0.2,0.0,2.354598306516568,0.0,1.8,3.2,0.0
2026-04-02 19:39:00,24.41,41.0,40.91291997056568,7.534714580853017,0.2,0.0,2.354598306516568,0.0,1.8,3.2,0.0
2026-04-02 19:40:00,24.41,41.0,40.91067508697361,7.534714580853017,0.2,0.0,2.354598306516568,0.0,1.8,3.2,0.0
2026-04-02 19:41:00,24.41,41.0,40.90847271337248,7.534714580853017,0.2,0.0,2.354598306516568,0.0,1.8,3.2,0.0
2026-04-02 19:42:00,24.41,41.0,40.90631204477654,7.534714580853017,0.2,0.0,2.354598306516568,0.0,1.8,3.2,0.0
2026-04-02 19:43:00,24.41,41.0,40.90419229144355,7.534714580853017,0.2,0.0,2.354598306516568,0.0,1.8,3.2,0.0
2026-04-02 19:44:00,24.41,41.0,40.90211267858613,7.534714580853017,0.2,0.0,2.354598306516568,0.0,1.8,3.2,0.0
2026-04-02 19:45:00,24.41,41.0,40.90007244608859,7.534714580853017,0.2,0.0,2.354598306516568,0.0,1.8,3.2,0.0
2026-04-02 19:46:00,24.41,41.0,40.89807084822908,7.534714580853017,0.2,0.0,2.354598306516568,0.0,1.8,3.2,0.0
2026-04-02 19:47:00,24.41,41.0,40.89610715340703,7.534714580853017,0.2,0.0,2.354598306516568,0.0,1.8,3.2,0.0
2026-04-02 19:48:00,24.41,41.0,40.89418064387575,7.534714580853017,0.2,0.0,2.354598306516568,0.0,1.8,3.2,0.0
2026-04-02 19:49:00,24.41,41.0,40.89229061548007,7.534714580853017,0.2,0.0,2.354598306516568,0.0,1.8,3.2,0.0
2026-04-02 19:50:00,24.41,41.0,40.89043637739899,7.534714580853017,0.2,0.0,2.354598306516568,0.0,1.8,3.2,0.0
2026-04-02 19:51:00,24.41,41.0,40.88861725189315,7.534714580853017,0.2,0.0,2.354598306516568,0.0,1.8,3.2,0.0
2026-04-02 19:52:00,24.41,41.0,40.88683257405714,7.534714580853017,0.2,0.0,2.354598306516568,0.0,1.8,3.2,0.0
2026-04-02 19:53:00,24.41,41.0,40.885081691576445,7.534714580853017,0.2,0.0,2.354598306516568,0.0,1.8,3.2,0.0
2026-04-02 19:54:00,24.41,41.0,40.88336396448906,7.534714580853017,0.2,0.0,2.354598306516568,0.0,1.8,3.2,0.0
2026-04-02 19:55:00,24.41,41.0,40.88167876495151,7.534714580853017,0.2,0.0,2.354598306516568,0.0,1.8,3.2,0.0
2026-04-02 19:56:00,24.41,41.0,40.88002547700945,7.534714580853017,0.2,0.0,2.354598306516568,0.0,1.8,3.2,0.0
2026-04-02 19:57:00,24.41,41.0,40.87840349637244,7.534714580853017,0.2,0.0,2.354598306516568,0.0,1.8,3.2,0.0
2026-04-02 19:58:00,24.41,41.0,40.87681223019317,7.534714580853017,0.2,0.0,2.354598306516568,0.0,1.8,3.2,0.0
2026-04-02 19:59:00,24.41,41.0,40.875251096850675,7.534714580853017,0.2,0.0,2.354598306516568,0.0,1.8,3.2,0.0
2026-04-02 20:00:00,24.08,41.0,40.86747051707558,7.534714580853017,0.2,0.0,2.354598306516568,0.0,1.8,3.2,0.0
2026-04-02 20:01:00,24.08,41.0,40.85983727339265,7.534714580853017,0.2,0.0,2.354598306516568,0.0,1.8,3.2,0.0
2026-04-02 20:02:00,24.08,41.0,40.852348575788184,7.534714580853017,0.2,0.0,2.354598306516568,0.0,1.8,3.2,0.0
2026-04-02 20:03:00,24.08,41.0,40.84500168708129,7.534714580853017,0.2,0.0,2.354598306516568,0.0,1.8,3.2,0.0
2026-04-02 20:04:00,24.08,41.0,40.8377939219234,7.534714580853017,0.2,0.0,2.354598306516568,0.0,1.8,3.2,0.0
2026-04-02 20:05:00,24.08,41.0,40.83072264581674,7.534714580853017,0.2,0.0,2.354598306516568,0.0,1.8,3.2,0.0
2026-04-02 20:06:00,24.08,41.0,40.823785274151426,7.534714580853017,0.2,0.0,2.354598306516568,0.0,1.8,3.2,0.0
2026-04-02 20:07:00,24.08,41.0,40.81697927126075,7.534714580853017,0.2,0.0,2.354598306516568,0.0,1.8,3.2,0.0
2026-04-02 20:08:00,24.08,41.0,40.81030214949437,7.534714580853017,0.2,0.0,2.354598306516568,0.0,1.8,3.2,0.0
2026-04-02 20:09:00,24.08,41.0,40.80375146830907,7.534714580853017,0.2,0.0,2.354598306516568,0.0,1.8,3.2,0.0
2026-04-02 20:10:00,24.08,41.0,40.79732483337672,7.910339222994828,0.2,0.20267516662327978,2.357976225960289,12.160509997396787,1.8,3.2,0.0
2026-04-02 20:11:00,24.08,41.0,40.80648718606959,7.545523923072925,0.2,0.0,2.357976225960289,-12.160509997396787,1.8,3.2,0.0
2026-04-02 20:12:00,24.08,41.0,40.80045384839998,7.545523923072925,0.2,0.0,2.357976225960289,0.0,1.8,3.2,0.0
2026-04-02 20:13:00,24.08,41.0,40.7945347603648,7.926319500530168,0.2,0.20546523963520258,2.3614006466208757,12.327914378112155,1.8,3.2,0.0
2026-04-02 20:14:00,24.08,41.0,40.80440797512952,7.556482069186803,0.2,0.0,2.3614006466208757,-12.327914378112155,1.8,3.2,0.0
2026-04-02 20:15:00,24.08,41.0,40.79886523946479,7.929251825378728,0.2,0.2011347605352114,2.364752892629796,12.068085632112684,1.8,3.2,0.0
2026-04-02 20:16:00,24.08,41.0,40.808777196447316,7.567209256415348,0.2,0.0,2.364752892629796,-12.068085632112684,1.8,3.2,0.0
2026-04-02 20:17:00,24.08,41.0,40.80359344244648,7.567209256415348,0.2,0.0,2.364752892629796,0.0,1.8,3.2,0.0
2026-04-02 20:18:00,24.08,41.0,40.79850785003247,7.940641374355167,0.2,0.20149214996752818,2.368111095129255,12.08952899805169,1.8,3.2,0.0
2026-04-02 20:19:00,24.08,41.0,40.80889556803552,7.577955504413616,0.2,0.0,2.368111095129255,-12.08952899805169,1.8,3.2,0.0
2026-04-02 20:20:00,24.08,41.0,40.80415207632158,7.577955504413616,0.2,0.0,2.368111095129255,0.0,1.8,3.2,0.0
2026-04-02 20:21:00,24.08,41.0,40.799498409216156,7.949551785999674,0.2,0.2005015907838441,2.3714527883089858,12.030095447030646,1.8,3.2,0.0
2026-04-02 20:22:00,24.08,41.0,40.810234278237736,7.588648922588755,0.2,0.0,2.3714527883089858,-12.030095447030646,1.8,3.2,0.0
2026-04-02 20:23:00,24.08,41.0,40.80590576460194,7.588648922588755,0.2,0.0,2.3714527883089858,0.0,1.8,3.2,0.0
2026-04-02 20:24:00,24.08,41.0,40.80165921738797,7.588648922588755,0.2,0.0,2.3714527883089858,0.0,1.8,3.2,0.0
2026-04-02 20:25:00,24.08,41.0,40.797493084447716,7.963961739412321,0.2,0.20250691555228428,2.3748279035681903,12.150414933137057,1.8,3.2,0.0
2026-04-02 20:26:00,24.08,41.0,40.80886029319305,7.5994492914182095,0.2,0.0,2.3748279035681903,-12.150414933137057,1.8,3.2,0.0
2026-04-02 20:27:00,24.08,41.0,40.80500253025268,7.5994492914182095,0.2,0.0,2.3748279035681903,0.0,1.8,3.2,0.0
2026-04-02 20:28:00,24.08,41.0,40.80121781941544,7.5994492914182095,0.2,0.0,2.3748279035681903,0.0,1.8,3.2,0.0
2026-04-02 20:29:00,24.08,41.0,40.79750477733822,7.974740437418044,0.2,0.20249522266178133,2.3782028239458866,12.14971335970688,1.8,3.2,0.0
2026-04-02 20:30:00,24.08,41.0,40.809315604690624,7.610249036626837,0.2,0.0,2.3782028239458866,-12.14971335970688,1.8,3.2,0.0
2026-04-02 20:31:00,24.08,41.0,40.805893926494,7.610249036626837,0.2,0.0,2.3782028239458866,0.0,1.8,3.2,0.0
2026-04-02 20:32:00,24.08,41.0,40.802537042529764,7.610249036626837,0.2,0.0,2.3782028239458866,0.0,1.8,3.2,0.0
2026-04-02 20:33:00,24.08,41.0,40.79924372582908,7.98231733142361,0.2,0.2007562741709208,2.381548761848735,12.045376450255247,1.8,3.2,0.0
2026-04-02 20:34:00,24.08,41.0,40.811333621462104,7.620956037915953,0.2,0.0,2.381548761848735,-12.045376450255247,1.8,3.2,0.0
2026-04-02 20:35:00,24.08,41.0,40.80831461704848,7.620956037915953,0.2,0.0,2.381548761848735,0.0,1.8,3.2,0.0
2026-04-02 20:36:00,24.08,41.0,40.8053527816795,7.620956037915953,0.2,0.0,2.381548761848735,0.0,1.8,3.2,0.0
2026-04-02 20:37:00,24.08,41.0,40.802447032779845,7.620956037915953,0.2,0.0,2.381548761848735,0.0,1.8,3.2,0.0
2026-04-02 20:38:00,24.08,41.0,40.79959630827426,7.992370879914323,0.2,0.20040369172573946,2.3848888233774974,12.024221503544368,1.8,3.2,0.0
2026-04-02 20:39:00,24.08,41.0,40.81209350743983,7.631644234807992,0.2,0.0,2.3848888233774974,-12.024221503544368,1.8,3.2,0.0
2026-04-02 20:40:00,24.08,41.0,40.80950022694606,7.631644234807992,0.2,0.0,2.3848888233774974,0.0,1.8,3.2,0.0
2026-04-02 20:41:00,24.08,41.0,40.806956053822795,7.631644234807992,0.2,0.0,2.3848888233774974,0.0,1.8,3.2,0.0
2026-04-02 20:42:00,24.08,41.0,40.80446005815373,7.631644234807992,0.2,0.0,2.3848888233774974,0.0,1.8,3.2,0.0
2026-04-02 20:43:00,24.08,41.0,40.80201132763181,7.631644234807992,0.2,0.0,2.3848888233774974,0.0,1.8,3.2,0.0
2026-04-02 20:44:00,24.08,41.0,40.79960896722577,8.00303561554956,0.2,0.20039103277422754,2.3882286739237344,12.023461966453652,1.8,3.2,0.0
2026-04-02 20:45:00,24.08,41.0,40.81254507401717,7.642331756555951,0.2,0.0,2.3882286739237344,-12.023461966453652,1.8,3.2,0.0
2026-04-02 20:46:00,24.08,41.0,40.810383328098865,7.642331756555951,0.2,0.0,2.3882286739237344,0.0,1.8,3.2,0.0
2026-04-02 20:47:00,24.08,41.0,40.8082625178441,7.642331756555951,0.2,0.0,2.3882286739237344,0.0,1.8,3.2,0.0
2026-04-02 20:48:00,24.08,41.0,40.80618186807919,7.642331756555951,0.2,0.0,2.3882286739237344,0.0,1.8,3.2,0.0
2026-04-02 20:49:00,24.08,41.0,40.80414061830945,7.642331756555951,0.2,0.0,2.3882286739237344,0.0,1.8,3.2,0.0
2026-04-02 20:50:00,24.08,41.0,40.80213802244119,7.642331756555951,0.2,0.0,2.3882286739237344,0.0,1.8,3.2,0.0
2026-04-02 20:51:00,24.08,41.0,40.800173348509084,7.642331756555951,0.2,0.0,2.3882286739237344,0.0,1.8,3.2,0.0
2026-04-02 20:52:00,24.08,41.0,40.79824587840855,8.01624939523877,0.2,0.20175412159144912,2.3915912426169252,12.105247295486947,1.8,3.2,0.0
2026-04-02 20:53:00,24.08,41.0,40.811751907828636,7.653091976374161,0.2,0.0,2.3915912426169252,-12.105247295486947,1.8,3.2,0.0
2026-04-02 20:54:00,24.08,41.0,40.81004826075683,7.653091976374161,0.2,0.0,2.3915912426169252,0.0,1.8,3.2,0.0
2026-04-02 20:55:00,24.08,41.0,40.808376874610204,7.653091976374161,0.2,0.0,2.3915912426169252,0.0,1.8,3.2,0.0
2026-04-02 20:56:00,24.08,41.0,40.8067371384833,7.653091976374161,0.2,0.0,2.3915912426169252,0.0,1.8,3.2,0.0
2026-04-02 20:57:00,24.08,41.0,40.805128453039,7.653091976374161,0.2,0.0,2.3915912426169252,0.0,1.8,3.2,0.0
2026-04-02 20:58:00,24.08,41.0,40.80355023028948,7.653091976374161,0.2,0.0,2.3915912426169252,0.0,1.8,3.2,0.0
2026-04-02 20:59:00,24.08,41.0,40.802001893381274,7.653091976374161,0.2,0.0,2.3915912426169252,0.0,1.8,3.2,0.0
